census_geoid,chamber,ocd_division_id,census_name,exception_evidence
11001,sldu,ocd-division/country:us/district:dc/ward:1,Ward 1,
11002,sldu,ocd-division/country:us/district:dc/ward:2,Ward 2,
11003,sldu,ocd-division/country:us/district:dc/ward:3,Ward 3,
11004,sldu,ocd-division/country:us/district:dc/ward:4,Ward 4,
11005,sldu,ocd-division/country:us/district:dc/ward:5,Ward 5,
11006,sldu,ocd-division/country:us/district:dc/ward:6,Ward 6,
11007,sldu,ocd-division/country:us/district:dc/ward:7,Ward 7,
11008,sldu,ocd-division/country:us/district:dc/ward:8,Ward 8,
25001,sldl,ocd-division/country:us/state:ma/sldl:1st_barnstable,1st Barnstable District,
25002,sldl,ocd-division/country:us/state:ma/sldl:2nd_barnstable,2nd Barnstable District,
25003,sldl,ocd-division/country:us/state:ma/sldl:3rd_barnstable,3rd Barnstable District,
25004,sldl,ocd-division/country:us/state:ma/sldl:4th_barnstable,4th Barnstable District,
25005,sldl,ocd-division/country:us/state:ma/sldl:5th_barnstable,5th Barnstable District,
25006,sldl,ocd-division/country:us/state:ma/sldl:barnstable_dukes_and_nantucket,Barnstable-Dukes-Nantucket District,
25007,sldl,ocd-division/country:us/state:ma/sldl:1st_berkshire,1st Berkshire District,
25008,sldl,ocd-division/country:us/state:ma/sldl:2nd_berkshire,2nd Berkshire District,
25009,sldl,ocd-division/country:us/state:ma/sldl:3rd_berkshire,3rd Berkshire District,
25010,sldl,ocd-division/country:us/state:ma/sldl:1st_bristol,1st Bristol District,
25011,sldl,ocd-division/country:us/state:ma/sldl:2nd_bristol,2nd Bristol District,
25012,sldl,ocd-division/country:us/state:ma/sldl:3rd_bristol,3rd Bristol District,
25013,sldl,ocd-division/country:us/state:ma/sldl:4th_bristol,4th Bristol District,
25014,sldl,ocd-division/country:us/state:ma/sldl:5th_bristol,5th Bristol District,
25015,sldl,ocd-division/country:us/state:ma/sldl:6th_bristol,6th Bristol District,
25016,sldl,ocd-division/country:us/state:ma/sldl:7th_bristol,7th Bristol District,
25017,sldl,ocd-division/country:us/state:ma/sldl:8th_bristol,8th Bristol District,
25018,sldl,ocd-division/country:us/state:ma/sldl:9th_bristol,9th Bristol District,
25019,sldl,ocd-division/country:us/state:ma/sldl:10th_bristol,10th Bristol District,
25020,sldl,ocd-division/country:us/state:ma/sldl:11th_bristol,11th Bristol District,
25021,sldl,ocd-division/country:us/state:ma/sldl:12th_bristol,12th Bristol District,
25022,sldl,ocd-division/country:us/state:ma/sldl:13th_bristol,13th Bristol District,
25023,sldl,ocd-division/country:us/state:ma/sldl:14th_bristol,14th Bristol District,
25024,sldl,ocd-division/country:us/state:ma/sldl:1st_essex,1st Essex District,
25025,sldl,ocd-division/country:us/state:ma/sldl:2nd_essex,2nd Essex District,
25026,sldl,ocd-division/country:us/state:ma/sldl:3rd_essex,3rd Essex District,
25027,sldl,ocd-division/country:us/state:ma/sldl:4th_essex,4th Essex District,
25028,sldl,ocd-division/country:us/state:ma/sldl:5th_essex,5th Essex District,
25029,sldl,ocd-division/country:us/state:ma/sldl:6th_essex,6th Essex District,
25030,sldl,ocd-division/country:us/state:ma/sldl:7th_essex,7th Essex District,
25031,sldl,ocd-division/country:us/state:ma/sldl:8th_essex,8th Essex District,
25032,sldl,ocd-division/country:us/state:ma/sldl:9th_essex,9th Essex District,
25033,sldl,ocd-division/country:us/state:ma/sldl:10th_essex,10th Essex District,
25034,sldl,ocd-division/country:us/state:ma/sldl:11th_essex,11th Essex District,
25035,sldl,ocd-division/country:us/state:ma/sldl:12th_essex,12th Essex District,
25036,sldl,ocd-division/country:us/state:ma/sldl:13th_essex,13th Essex District,
25037,sldl,ocd-division/country:us/state:ma/sldl:14th_essex,14th Essex District,
25038,sldl,ocd-division/country:us/state:ma/sldl:15th_essex,15th Essex District,
25039,sldl,ocd-division/country:us/state:ma/sldl:16th_essex,16th Essex District,
25040,sldl,ocd-division/country:us/state:ma/sldl:17th_essex,17th Essex District,
25041,sldl,ocd-division/country:us/state:ma/sldl:18th_essex,18th Essex District,
25042,sldl,ocd-division/country:us/state:ma/sldl:1st_franklin,1st Franklin District,
25043,sldl,ocd-division/country:us/state:ma/sldl:2nd_franklin,2nd Franklin District,
25044,sldl,ocd-division/country:us/state:ma/sldl:1st_hampden,1st Hampden District,
25045,sldl,ocd-division/country:us/state:ma/sldl:2nd_hampden,2nd Hampden District,
25046,sldl,ocd-division/country:us/state:ma/sldl:3rd_hampden,3rd Hampden District,
25047,sldl,ocd-division/country:us/state:ma/sldl:4th_hampden,4th Hampden District,
25048,sldl,ocd-division/country:us/state:ma/sldl:5th_hampden,5th Hampden District,
25049,sldl,ocd-division/country:us/state:ma/sldl:6th_hampden,6th Hampden District,
25050,sldl,ocd-division/country:us/state:ma/sldl:7th_hampden,7th Hampden District,
25051,sldl,ocd-division/country:us/state:ma/sldl:8th_hampden,8th Hampden District,
25052,sldl,ocd-division/country:us/state:ma/sldl:9th_hampden,9th Hampden District,
25053,sldl,ocd-division/country:us/state:ma/sldl:10th_hampden,10th Hampden District,
25054,sldl,ocd-division/country:us/state:ma/sldl:11th_hampden,11th Hampden District,
25055,sldl,ocd-division/country:us/state:ma/sldl:12th_hampden,12th Hampden District,
25056,sldl,ocd-division/country:us/state:ma/sldl:1st_hampshire,1st Hampshire District,
25057,sldl,ocd-division/country:us/state:ma/sldl:2nd_hampshire,2nd Hampshire District,
25058,sldl,ocd-division/country:us/state:ma/sldl:3rd_hampshire,3rd Hampshire District,
25059,sldl,ocd-division/country:us/state:ma/sldl:1st_middlesex,1st Middlesex District,
25060,sldl,ocd-division/country:us/state:ma/sldl:2nd_middlesex,2nd Middlesex District,
25061,sldl,ocd-division/country:us/state:ma/sldl:3rd_middlesex,3rd Middlesex District,
25062,sldl,ocd-division/country:us/state:ma/sldl:4th_middlesex,4th Middlesex District,
25063,sldl,ocd-division/country:us/state:ma/sldl:5th_middlesex,5th Middlesex District,
25064,sldl,ocd-division/country:us/state:ma/sldl:6th_middlesex,6th Middlesex District,
25065,sldl,ocd-division/country:us/state:ma/sldl:7th_middlesex,7th Middlesex District,
25066,sldl,ocd-division/country:us/state:ma/sldl:8th_middlesex,8th Middlesex District,
25067,sldl,ocd-division/country:us/state:ma/sldl:9th_middlesex,9th Middlesex District,
25068,sldl,ocd-division/country:us/state:ma/sldl:10th_middlesex,10th Middlesex District,
25069,sldl,ocd-division/country:us/state:ma/sldl:11th_middlesex,11th Middlesex District,
25070,sldl,ocd-division/country:us/state:ma/sldl:12th_middlesex,12th Middlesex District,
25071,sldl,ocd-division/country:us/state:ma/sldl:13th_middlesex,13th Middlesex District,
25072,sldl,ocd-division/country:us/state:ma/sldl:14th_middlesex,14th Middlesex District,
25073,sldl,ocd-division/country:us/state:ma/sldl:15th_middlesex,15th Middlesex District,
25074,sldl,ocd-division/country:us/state:ma/sldl:16th_middlesex,16th Middlesex District,
25075,sldl,ocd-division/country:us/state:ma/sldl:17th_middlesex,17th Middlesex District,
25076,sldl,ocd-division/country:us/state:ma/sldl:18th_middlesex,18th Middlesex District,
25077,sldl,ocd-division/country:us/state:ma/sldl:19th_middlesex,19th Middlesex District,
25078,sldl,ocd-division/country:us/state:ma/sldl:20th_middlesex,20th Middlesex District,
25079,sldl,ocd-division/country:us/state:ma/sldl:21st_middlesex,21st Middlesex District,
25080,sldl,ocd-division/country:us/state:ma/sldl:22nd_middlesex,22nd Middlesex District,
25081,sldl,ocd-division/country:us/state:ma/sldl:23rd_middlesex,23rd Middlesex District,
25082,sldl,ocd-division/country:us/state:ma/sldl:24th_middlesex,24th Middlesex District,
25083,sldl,ocd-division/country:us/state:ma/sldl:25th_middlesex,25th Middlesex District,
25084,sldl,ocd-division/country:us/state:ma/sldl:26th_middlesex,26th Middlesex District,
25085,sldl,ocd-division/country:us/state:ma/sldl:27th_middlesex,27th Middlesex District,
25086,sldl,ocd-division/country:us/state:ma/sldl:28th_middlesex,28th Middlesex District,
25087,sldl,ocd-division/country:us/state:ma/sldl:29th_middlesex,29th Middlesex District,
25088,sldl,ocd-division/country:us/state:ma/sldl:30th_middlesex,30th Middlesex District,
25089,sldl,ocd-division/country:us/state:ma/sldl:31st_middlesex,31st Middlesex District,
25090,sldl,ocd-division/country:us/state:ma/sldl:32nd_middlesex,32nd Middlesex District,
25091,sldl,ocd-division/country:us/state:ma/sldl:33rd_middlesex,33rd Middlesex District,
25092,sldl,ocd-division/country:us/state:ma/sldl:34th_middlesex,34th Middlesex District,
25093,sldl,ocd-division/country:us/state:ma/sldl:35th_middlesex,35th Middlesex District,
25094,sldl,ocd-division/country:us/state:ma/sldl:36th_middlesex,36th Middlesex District,
25095,sldl,ocd-division/country:us/state:ma/sldl:37th_middlesex,37th Middlesex District,
25096,sldl,ocd-division/country:us/state:ma/sldl:1st_norfolk,1st Norfolk District,
25097,sldl,ocd-division/country:us/state:ma/sldl:2nd_norfolk,2nd Norfolk District,
25098,sldl,ocd-division/country:us/state:ma/sldl:3rd_norfolk,3rd Norfolk District,
25099,sldl,ocd-division/country:us/state:ma/sldl:4th_norfolk,4th Norfolk District,
25100,sldl,ocd-division/country:us/state:ma/sldl:5th_norfolk,5th Norfolk District,
25101,sldl,ocd-division/country:us/state:ma/sldl:6th_norfolk,6th Norfolk District,
25102,sldl,ocd-division/country:us/state:ma/sldl:7th_norfolk,7th Norfolk District,
25103,sldl,ocd-division/country:us/state:ma/sldl:8th_norfolk,8th Norfolk District,
25104,sldl,ocd-division/country:us/state:ma/sldl:9th_norfolk,9th Norfolk District,
25105,sldl,ocd-division/country:us/state:ma/sldl:10th_norfolk,10th Norfolk District,
25106,sldl,ocd-division/country:us/state:ma/sldl:11th_norfolk,11th Norfolk District,
25107,sldl,ocd-division/country:us/state:ma/sldl:12th_norfolk,12th Norfolk District,
25108,sldl,ocd-division/country:us/state:ma/sldl:13th_norfolk,13th Norfolk District,
25109,sldl,ocd-division/country:us/state:ma/sldl:14th_norfolk,14th Norfolk District,
25110,sldl,ocd-division/country:us/state:ma/sldl:15th_norfolk,15th Norfolk District,
25111,sldl,ocd-division/country:us/state:ma/sldl:1st_plymouth,1st Plymouth District,
25112,sldl,ocd-division/country:us/state:ma/sldl:2nd_plymouth,2nd Plymouth District,
25113,sldl,ocd-division/country:us/state:ma/sldl:3rd_plymouth,3rd Plymouth District,
25114,sldl,ocd-division/country:us/state:ma/sldl:4th_plymouth,4th Plymouth District,
25115,sldl,ocd-division/country:us/state:ma/sldl:5th_plymouth,5th Plymouth District,
25116,sldl,ocd-division/country:us/state:ma/sldl:6th_plymouth,6th Plymouth District,
25117,sldl,ocd-division/country:us/state:ma/sldl:7th_plymouth,7th Plymouth District,
25118,sldl,ocd-division/country:us/state:ma/sldl:8th_plymouth,8th Plymouth District,
25119,sldl,ocd-division/country:us/state:ma/sldl:9th_plymouth,9th Plymouth District,
25120,sldl,ocd-division/country:us/state:ma/sldl:10th_plymouth,10th Plymouth District,
25121,sldl,ocd-division/country:us/state:ma/sldl:11th_plymouth,11th Plymouth District,
25122,sldl,ocd-division/country:us/state:ma/sldl:12th_plymouth,12th Plymouth District,
25123,sldl,ocd-division/country:us/state:ma/sldl:1st_suffolk,1st Suffolk District,
25124,sldl,ocd-division/country:us/state:ma/sldl:2nd_suffolk,2nd Suffolk District,
25125,sldl,ocd-division/country:us/state:ma/sldl:3rd_suffolk,3rd Suffolk District,
25126,sldl,ocd-division/country:us/state:ma/sldl:4th_suffolk,4th Suffolk District,
25127,sldl,ocd-division/country:us/state:ma/sldl:5th_suffolk,5th Suffolk District,
25128,sldl,ocd-division/country:us/state:ma/sldl:6th_suffolk,6th Suffolk District,
25129,sldl,ocd-division/country:us/state:ma/sldl:7th_suffolk,7th Suffolk District,
25130,sldl,ocd-division/country:us/state:ma/sldl:8th_suffolk,8th Suffolk District,
25131,sldl,ocd-division/country:us/state:ma/sldl:9th_suffolk,9th Suffolk District,
25132,sldl,ocd-division/country:us/state:ma/sldl:10th_suffolk,10th Suffolk District,
25133,sldl,ocd-division/country:us/state:ma/sldl:11th_suffolk,11th Suffolk District,
25134,sldl,ocd-division/country:us/state:ma/sldl:12th_suffolk,12th Suffolk District,
25135,sldl,ocd-division/country:us/state:ma/sldl:13th_suffolk,13th Suffolk District,
25136,sldl,ocd-division/country:us/state:ma/sldl:14th_suffolk,14th Suffolk District,
25137,sldl,ocd-division/country:us/state:ma/sldl:15th_suffolk,15th Suffolk District,
25138,sldl,ocd-division/country:us/state:ma/sldl:16th_suffolk,16th Suffolk District,
25139,sldl,ocd-division/country:us/state:ma/sldl:17th_suffolk,17th Suffolk District,
25140,sldl,ocd-division/country:us/state:ma/sldl:18th_suffolk,18th Suffolk District,
25141,sldl,ocd-division/country:us/state:ma/sldl:19th_suffolk,19th Suffolk District,
25142,sldl,ocd-division/country:us/state:ma/sldl:1st_worcester,1st Worcester District,
25143,sldl,ocd-division/country:us/state:ma/sldl:2nd_worcester,2nd Worcester District,
25144,sldl,ocd-division/country:us/state:ma/sldl:3rd_worcester,3rd Worcester District,
25145,sldl,ocd-division/country:us/state:ma/sldl:4th_worcester,4th Worcester District,
25146,sldl,ocd-division/country:us/state:ma/sldl:5th_worcester,5th Worcester District,
25147,sldl,ocd-division/country:us/state:ma/sldl:6th_worcester,6th Worcester District,
25148,sldl,ocd-division/country:us/state:ma/sldl:7th_worcester,7th Worcester District,
25149,sldl,ocd-division/country:us/state:ma/sldl:8th_worcester,8th Worcester District,
25150,sldl,ocd-division/country:us/state:ma/sldl:9th_worcester,9th Worcester District,
25151,sldl,ocd-division/country:us/state:ma/sldl:10th_worcester,10th Worcester District,
25152,sldl,ocd-division/country:us/state:ma/sldl:11th_worcester,11th Worcester District,
25153,sldl,ocd-division/country:us/state:ma/sldl:12th_worcester,12th Worcester District,
25154,sldl,ocd-division/country:us/state:ma/sldl:13th_worcester,13th Worcester District,
25155,sldl,ocd-division/country:us/state:ma/sldl:14th_worcester,14th Worcester District,
25156,sldl,ocd-division/country:us/state:ma/sldl:15th_worcester,15th Worcester District,
25157,sldl,ocd-division/country:us/state:ma/sldl:16th_worcester,16th Worcester District,
25158,sldl,ocd-division/country:us/state:ma/sldl:17th_worcester,17th Worcester District,
25159,sldl,ocd-division/country:us/state:ma/sldl:18th_worcester,18th Worcester District,
25160,sldl,ocd-division/country:us/state:ma/sldl:19th_worcester,19th Worcester District,
25D01,sldu,ocd-division/country:us/state:ma/sldu:berkshire_hampden_franklin_and_hampshire,Berkshire-Hampden-Franklin-Hampshire District,
25D02,sldu,ocd-division/country:us/state:ma/sldu:hampden_and_hampshire,Hampden and Hampshire District,
25D03,sldu,ocd-division/country:us/state:ma/sldu:hampden,Hampden District,
25D04,sldu,ocd-division/country:us/state:ma/sldu:hampden_hampshire_and_worcester,Hampden-Hampshire-Worcester District,
25D05,sldu,ocd-division/country:us/state:ma/sldu:hampshire_franklin_and_worcester,Hampshire-Franklin-Worcester District,
25D06,sldu,ocd-division/country:us/state:ma/sldu:worcester_and_hampshire,Worcester and Hampshire District,
25D07,sldu,ocd-division/country:us/state:ma/sldu:worcester_and_hampden,Worcester and Hampden District,
25D08,sldu,ocd-division/country:us/state:ma/sldu:2nd_worcester,Second Worcester District,
25D09,sldu,ocd-division/country:us/state:ma/sldu:1st_worcester,First Worcester District,
25D10,sldu,ocd-division/country:us/state:ma/sldu:worcester_and_middlesex,Worcester and Middlesex District,
25D11,sldu,ocd-division/country:us/state:ma/sldu:1st_middlesex,First Middlesex District,
25D12,sldu,ocd-division/country:us/state:ma/sldu:middlesex_and_worcester,Middlesex and Worcester District,
25D13,sldu,ocd-division/country:us/state:ma/sldu:middlesex_and_norfolk,Middlesex and Norfolk District,
25D14,sldu,ocd-division/country:us/state:ma/sldu:norfolk_worcester_and_middlesex,Norfolk-Worcester-Middlesex District,
25D15,sldu,ocd-division/country:us/state:ma/sldu:3rd_middlesex,Third Middlesex District,
25D16,sldu,ocd-division/country:us/state:ma/sldu:4th_middlesex,Fourth Middlesex District,
25D17,sldu,ocd-division/country:us/state:ma/sldu:norfolk_and_middlesex,Norfolk and Middlesex District,
25D18,sldu,ocd-division/country:us/state:ma/sldu:norfolk_and_suffolk,Norfolk and Suffolk District,
25D19,sldu,ocd-division/country:us/state:ma/sldu:1st_essex,First Essex District,
25D20,sldu,ocd-division/country:us/state:ma/sldu:2nd_essex_and_middlesex,Second Essex and Middlesex District,
25D21,sldu,ocd-division/country:us/state:ma/sldu:1st_essex_and_middlesex,First Essex and Middlesex District,
25D22,sldu,ocd-division/country:us/state:ma/sldu:2nd_essex,Second Essex District,
25D23,sldu,ocd-division/country:us/state:ma/sldu:5th_middlesex,Fifth Middlesex District,
25D24,sldu,ocd-division/country:us/state:ma/sldu:3rd_essex,Third Essex District,
25D25,sldu,ocd-division/country:us/state:ma/sldu:3rd_suffolk,Third Suffolk District,
25D26,sldu,ocd-division/country:us/state:ma/sldu:middlesex_and_suffolk,Middlesex and Suffolk District,
25D27,sldu,ocd-division/country:us/state:ma/sldu:2nd_middlesex,Second Middlesex District,
25D28,sldu,ocd-division/country:us/state:ma/sldu:suffolk_and_middlesex,Suffolk and Middlesex District,
25D29,sldu,ocd-division/country:us/state:ma/sldu:2nd_suffolk,Second Suffolk District,
25D30,sldu,ocd-division/country:us/state:ma/sldu:1st_suffolk,First Suffolk District,
25D31,sldu,ocd-division/country:us/state:ma/sldu:1st_plymouth_and_norfolk,First Plymouth and Norfolk District,
25D32,sldu,ocd-division/country:us/state:ma/sldu:norfolk_and_plymouth,Norfolk and Plymouth District,
25D33,sldu,ocd-division/country:us/state:ma/sldu:norfolk_plymouth_and_bristol,Norfolk-Plymouth-Bristol District,
25D34,sldu,ocd-division/country:us/state:ma/sldu:2nd_plymouth_and_norfolk,Second Plymouth and Norfolk District,
25D35,sldu,ocd-division/country:us/state:ma/sldu:bristol_and_norfolk,Bristol and Norfolk District,
25D36,sldu,ocd-division/country:us/state:ma/sldu:3rd_bristol_and_plymouth,Third Bristol and Plymouth District,
25D37,sldu,ocd-division/country:us/state:ma/sldu:1st_bristol_and_plymouth,First Bristol and Plymouth District,
25D38,sldu,ocd-division/country:us/state:ma/sldu:2nd_bristol_and_plymouth,Second Bristol and Plymouth District,
25D39,sldu,ocd-division/country:us/state:ma/sldu:plymouth_and_barnstable,Plymouth and Barnstable District,
25D40,sldu,ocd-division/country:us/state:ma/sldu:cape_and_islands,Cape and Islands District,
33001,sldl,ocd-division/country:us/state:nh/sldl:belknap_1,State House District Belknap 01,
33002,sldl,ocd-division/country:us/state:nh/sldl:belknap_2,State House District Belknap 02,
33003,sldl,ocd-division/country:us/state:nh/sldl:belknap_3,State House District Belknap 03,
33004,sldl,ocd-division/country:us/state:nh/sldl:belknap_4,State House District Belknap 04,
33005,sldl,ocd-division/country:us/state:nh/sldl:belknap_5,State House District Belknap 05,
33006,sldl,ocd-division/country:us/state:nh/sldl:belknap_6,State House District Belknap 06,
33007,sldl,ocd-division/country:us/state:nh/sldl:belknap_7,State House District Belknap 07,
33101,sldl,ocd-division/country:us/state:nh/sldl:carroll_1,State House District Carroll 01,
33102,sldl,ocd-division/country:us/state:nh/sldl:carroll_2,State House District Carroll 02,
33103,sldl,ocd-division/country:us/state:nh/sldl:carroll_3,State House District Carroll 03,
33104,sldl,ocd-division/country:us/state:nh/sldl:carroll_4,State House District Carroll 04,
33105,sldl,ocd-division/country:us/state:nh/sldl:carroll_5,State House District Carroll 05,
33106,sldl,ocd-division/country:us/state:nh/sldl:carroll_6,State House District Carroll 06,
33201,sldl,ocd-division/country:us/state:nh/sldl:cheshire_1,State House District Cheshire 01,
33202,sldl,ocd-division/country:us/state:nh/sldl:cheshire_2,State House District Cheshire 02,
33203,sldl,ocd-division/country:us/state:nh/sldl:cheshire_3,State House District Cheshire 03,
33204,sldl,ocd-division/country:us/state:nh/sldl:cheshire_4,State House District Cheshire 04,
33205,sldl,ocd-division/country:us/state:nh/sldl:cheshire_5,State House District Cheshire 05,
33206,sldl,ocd-division/country:us/state:nh/sldl:cheshire_6,State House District Cheshire 06,
33207,sldl,ocd-division/country:us/state:nh/sldl:cheshire_7,State House District Cheshire 07,
33208,sldl,ocd-division/country:us/state:nh/sldl:cheshire_8,State House District Cheshire 08,
33209,sldl,ocd-division/country:us/state:nh/sldl:cheshire_9,State House District Cheshire 09,
33210,sldl,ocd-division/country:us/state:nh/sldl:cheshire_10,State House District Cheshire 10,
33211,sldl,ocd-division/country:us/state:nh/sldl:cheshire_11,State House District Cheshire 11,
33212,sldl,ocd-division/country:us/state:nh/sldl:cheshire_12,State House District Cheshire 12,
33213,sldl,ocd-division/country:us/state:nh/sldl:cheshire_13,State House District Cheshire 13,
33214,sldl,ocd-division/country:us/state:nh/sldl:cheshire_14,State House District Cheshire 14,
33301,sldl,ocd-division/country:us/state:nh/sldl:coos_1,State House District Coos 01,
33302,sldl,ocd-division/country:us/state:nh/sldl:coos_2,State House District Coos 02,
33303,sldl,ocd-division/country:us/state:nh/sldl:coos_3,State House District Coos 03,
33304,sldl,ocd-division/country:us/state:nh/sldl:coos_4,State House District Coos 04,
33305,sldl,ocd-division/country:us/state:nh/sldl:coos_5,State House District Coos 05,
33306,sldl,ocd-division/country:us/state:nh/sldl:coos_6,State House District Coos 06,
33401,sldl,ocd-division/country:us/state:nh/sldl:grafton_1,State House District Grafton 01,
33402,sldl,ocd-division/country:us/state:nh/sldl:grafton_2,State House District Grafton 02,
33403,sldl,ocd-division/country:us/state:nh/sldl:grafton_3,State House District Grafton 03,
33404,sldl,ocd-division/country:us/state:nh/sldl:grafton_4,State House District Grafton 04,
33405,sldl,ocd-division/country:us/state:nh/sldl:grafton_5,State House District Grafton 05,
33406,sldl,ocd-division/country:us/state:nh/sldl:grafton_6,State House District Grafton 06,
33407,sldl,ocd-division/country:us/state:nh/sldl:grafton_7,State House District Grafton 07,
33408,sldl,ocd-division/country:us/state:nh/sldl:grafton_8,State House District Grafton 08,
33409,sldl,ocd-division/country:us/state:nh/sldl:grafton_9,State House District Grafton 09,
33410,sldl,ocd-division/country:us/state:nh/sldl:grafton_10,State House District Grafton 10,
33411,sldl,ocd-division/country:us/state:nh/sldl:grafton_11,State House District Grafton 11,
33412,sldl,ocd-division/country:us/state:nh/sldl:grafton_12,State House District Grafton 12,
33413,sldl,ocd-division/country:us/state:nh/sldl:grafton_13,State House District Grafton 13,
33414,sldl,ocd-division/country:us/state:nh/sldl:grafton_14,State House District Grafton 14,
33415,sldl,ocd-division/country:us/state:nh/sldl:grafton_15,State House District Grafton 15,
33416,sldl,ocd-division/country:us/state:nh/sldl:grafton_16,State House District Grafton 16,
33501,sldl,ocd-division/country:us/state:nh/sldl:hillsborough_1,State House District Hillsborough 01,
33502,sldl,ocd-division/country:us/state:nh/sldl:hillsborough_2,State House District Hillsborough 02,
33503,sldl,ocd-division/country:us/state:nh/sldl:hillsborough_3,State House District Hillsborough 03,
33504,sldl,ocd-division/country:us/state:nh/sldl:hillsborough_4,State House District Hillsborough 04,
33505,sldl,ocd-division/country:us/state:nh/sldl:hillsborough_5,State House District Hillsborough 05,
33506,sldl,ocd-division/country:us/state:nh/sldl:hillsborough_6,State House District Hillsborough 06,
33507,sldl,ocd-division/country:us/state:nh/sldl:hillsborough_7,State House District Hillsborough 07,
33508,sldl,ocd-division/country:us/state:nh/sldl:hillsborough_8,State House District Hillsborough 08,
33509,sldl,ocd-division/country:us/state:nh/sldl:hillsborough_9,State House District Hillsborough 09,
33510,sldl,ocd-division/country:us/state:nh/sldl:hillsborough_10,State House District Hillsborough 10,
33511,sldl,ocd-division/country:us/state:nh/sldl:hillsborough_11,State House District Hillsborough 11,
33512,sldl,ocd-division/country:us/state:nh/sldl:hillsborough_12,State House District Hillsborough 12,
33513,sldl,ocd-division/country:us/state:nh/sldl:hillsborough_13,State House District Hillsborough 13,
33514,sldl,ocd-division/country:us/state:nh/sldl:hillsborough_14,State House District Hillsborough 14,
33515,sldl,ocd-division/country:us/state:nh/sldl:hillsborough_15,State House District Hillsborough 15,
33516,sldl,ocd-division/country:us/state:nh/sldl:hillsborough_16,State House District Hillsborough 16,
33517,sldl,ocd-division/country:us/state:nh/sldl:hillsborough_17,State House District Hillsborough 17,
33518,sldl,ocd-division/country:us/state:nh/sldl:hillsborough_18,State House District Hillsborough 18,
33519,sldl,ocd-division/country:us/state:nh/sldl:hillsborough_19,State House District Hillsborough 19,
33520,sldl,ocd-division/country:us/state:nh/sldl:hillsborough_20,State House District Hillsborough 20,
33521,sldl,ocd-division/country:us/state:nh/sldl:hillsborough_21,State House District Hillsborough 21,
33522,sldl,ocd-division/country:us/state:nh/sldl:hillsborough_22,State House District Hillsborough 22,
33523,sldl,ocd-division/country:us/state:nh/sldl:hillsborough_23,State House District Hillsborough 23,
33524,sldl,ocd-division/country:us/state:nh/sldl:hillsborough_24,State House District Hillsborough 24,
33525,sldl,ocd-division/country:us/state:nh/sldl:hillsborough_25,State House District Hillsborough 25,
33526,sldl,ocd-division/country:us/state:nh/sldl:hillsborough_26,State House District Hillsborough 26,
33527,sldl,ocd-division/country:us/state:nh/sldl:hillsborough_27,State House District Hillsborough 27,
33528,sldl,ocd-division/country:us/state:nh/sldl:hillsborough_28,State House District Hillsborough 28,
33529,sldl,ocd-division/country:us/state:nh/sldl:hillsborough_29,State House District Hillsborough 29,
33530,sldl,ocd-division/country:us/state:nh/sldl:hillsborough_30,State House District Hillsborough 30,
33531,sldl,ocd-division/country:us/state:nh/sldl:hillsborough_31,State House District Hillsborough 31,
33532,sldl,ocd-division/country:us/state:nh/sldl:hillsborough_32,State House District Hillsborough 32,
33533,sldl,ocd-division/country:us/state:nh/sldl:hillsborough_33,State House District Hillsborough 33,
33534,sldl,ocd-division/country:us/state:nh/sldl:hillsborough_34,State House District Hillsborough 34,
33535,sldl,ocd-division/country:us/state:nh/sldl:hillsborough_35,State House District Hillsborough 35,
33536,sldl,ocd-division/country:us/state:nh/sldl:hillsborough_36,State House District Hillsborough 36,
33542,sldl,ocd-division/country:us/state:nh/sldl:hillsborough_42,State House District Hillsborough 42,
33543,sldl,ocd-division/country:us/state:nh/sldl:hillsborough_43,State House District Hillsborough 43,
33601,sldl,ocd-division/country:us/state:nh/sldl:merrimack_1,State House District Merrimack 01,
33602,sldl,ocd-division/country:us/state:nh/sldl:merrimack_2,State House District Merrimack 02,
33603,sldl,ocd-division/country:us/state:nh/sldl:merrimack_3,State House District Merrimack 03,
33604,sldl,ocd-division/country:us/state:nh/sldl:merrimack_4,State House District Merrimack 04,
33605,sldl,ocd-division/country:us/state:nh/sldl:merrimack_5,State House District Merrimack 05,
33606,sldl,ocd-division/country:us/state:nh/sldl:merrimack_6,State House District Merrimack 06,
33607,sldl,ocd-division/country:us/state:nh/sldl:merrimack_7,State House District Merrimack 07,
33608,sldl,ocd-division/country:us/state:nh/sldl:merrimack_8,State House District Merrimack 08,
33609,sldl,ocd-division/country:us/state:nh/sldl:merrimack_9,State House District Merrimack 09,
33610,sldl,ocd-division/country:us/state:nh/sldl:merrimack_10,State House District Merrimack 10,
33611,sldl,ocd-division/country:us/state:nh/sldl:merrimack_11,State House District Merrimack 11,
33612,sldl,ocd-division/country:us/state:nh/sldl:merrimack_12,State House District Merrimack 12,
33613,sldl,ocd-division/country:us/state:nh/sldl:merrimack_13,State House District Merrimack 13,
33614,sldl,ocd-division/country:us/state:nh/sldl:merrimack_14,State House District Merrimack 14,
33615,sldl,ocd-division/country:us/state:nh/sldl:merrimack_15,State House District Merrimack 15,
33616,sldl,ocd-division/country:us/state:nh/sldl:merrimack_16,State House District Merrimack 16,
33617,sldl,ocd-division/country:us/state:nh/sldl:merrimack_17,State House District Merrimack 17,
33618,sldl,ocd-division/country:us/state:nh/sldl:merrimack_18,State House District Merrimack 18,
33619,sldl,ocd-division/country:us/state:nh/sldl:merrimack_19,State House District Merrimack 19,
33620,sldl,ocd-division/country:us/state:nh/sldl:merrimack_20,State House District Merrimack 20,
33621,sldl,ocd-division/country:us/state:nh/sldl:merrimack_21,State House District Merrimack 21,
33622,sldl,ocd-division/country:us/state:nh/sldl:merrimack_22,State House District Merrimack 22,
33623,sldl,ocd-division/country:us/state:nh/sldl:merrimack_23,State House District Merrimack 23,
33624,sldl,ocd-division/country:us/state:nh/sldl:merrimack_24,State House District Merrimack 24,
33701,sldl,ocd-division/country:us/state:nh/sldl:rockingham_1,State House District Rockingham 01,
33702,sldl,ocd-division/country:us/state:nh/sldl:rockingham_2,State House District Rockingham 02,
33703,sldl,ocd-division/country:us/state:nh/sldl:rockingham_3,State House District Rockingham 03,
33704,sldl,ocd-division/country:us/state:nh/sldl:rockingham_4,State House District Rockingham 04,
33705,sldl,ocd-division/country:us/state:nh/sldl:rockingham_5,State House District Rockingham 05,
33706,sldl,ocd-division/country:us/state:nh/sldl:rockingham_6,State House District Rockingham 06,
33707,sldl,ocd-division/country:us/state:nh/sldl:rockingham_7,State House District Rockingham 07,
33708,sldl,ocd-division/country:us/state:nh/sldl:rockingham_8,State House District Rockingham 08,
33709,sldl,ocd-division/country:us/state:nh/sldl:rockingham_9,State House District Rockingham 09,
33710,sldl,ocd-division/country:us/state:nh/sldl:rockingham_10,State House District Rockingham 10,
33711,sldl,ocd-division/country:us/state:nh/sldl:rockingham_11,State House District Rockingham 11,
33712,sldl,ocd-division/country:us/state:nh/sldl:rockingham_12,State House District Rockingham 12,
33713,sldl,ocd-division/country:us/state:nh/sldl:rockingham_13,State House District Rockingham 13,
33714,sldl,ocd-division/country:us/state:nh/sldl:rockingham_14,State House District Rockingham 14,
33715,sldl,ocd-division/country:us/state:nh/sldl:rockingham_15,State House District Rockingham 15,
33716,sldl,ocd-division/country:us/state:nh/sldl:rockingham_16,State House District Rockingham 16,
33717,sldl,ocd-division/country:us/state:nh/sldl:rockingham_17,State House District Rockingham 17,
33718,sldl,ocd-division/country:us/state:nh/sldl:rockingham_18,State House District Rockingham 18,
33719,sldl,ocd-division/country:us/state:nh/sldl:rockingham_19,State House District Rockingham 19,
33720,sldl,ocd-division/country:us/state:nh/sldl:rockingham_20,State House District Rockingham 20,
33721,sldl,ocd-division/country:us/state:nh/sldl:rockingham_21,State House District Rockingham 21,
33722,sldl,ocd-division/country:us/state:nh/sldl:rockingham_22,State House District Rockingham 22,
33723,sldl,ocd-division/country:us/state:nh/sldl:rockingham_23,State House District Rockingham 23,
33724,sldl,ocd-division/country:us/state:nh/sldl:rockingham_24,State House District Rockingham 24,
33725,sldl,ocd-division/country:us/state:nh/sldl:rockingham_25,State House District Rockingham 25,
33726,sldl,ocd-division/country:us/state:nh/sldl:rockingham_26,State House District Rockingham 26,
33727,sldl,ocd-division/country:us/state:nh/sldl:rockingham_27,State House District Rockingham 27,
33728,sldl,ocd-division/country:us/state:nh/sldl:rockingham_28,State House District Rockingham 28,
33729,sldl,ocd-division/country:us/state:nh/sldl:rockingham_29,State House District Rockingham 29,
33730,sldl,ocd-division/country:us/state:nh/sldl:rockingham_30,State House District Rockingham 30,
33801,sldl,ocd-division/country:us/state:nh/sldl:strafford_1,State House District Strafford 01,
33802,sldl,ocd-division/country:us/state:nh/sldl:strafford_2,State House District Strafford 02,
33803,sldl,ocd-division/country:us/state:nh/sldl:strafford_3,State House District Strafford 03,
33804,sldl,ocd-division/country:us/state:nh/sldl:strafford_4,State House District Strafford 04,
33805,sldl,ocd-division/country:us/state:nh/sldl:strafford_5,State House District Strafford 05,
33806,sldl,ocd-division/country:us/state:nh/sldl:strafford_6,State House District Strafford 06,
33807,sldl,ocd-division/country:us/state:nh/sldl:strafford_7,State House District Strafford 07,
33808,sldl,ocd-division/country:us/state:nh/sldl:strafford_8,State House District Strafford 08,
33809,sldl,ocd-division/country:us/state:nh/sldl:strafford_9,State House District Strafford 09,
33810,sldl,ocd-division/country:us/state:nh/sldl:strafford_10,State House District Strafford 10,
33811,sldl,ocd-division/country:us/state:nh/sldl:strafford_11,State House District Strafford 11,
33812,sldl,ocd-division/country:us/state:nh/sldl:strafford_12,State House District Strafford 12,
33813,sldl,ocd-division/country:us/state:nh/sldl:strafford_13,State House District Strafford 13,
33814,sldl,ocd-division/country:us/state:nh/sldl:strafford_14,State House District Strafford 14,
33815,sldl,ocd-division/country:us/state:nh/sldl:strafford_15,State House District Strafford 15,
33816,sldl,ocd-division/country:us/state:nh/sldl:strafford_16,State House District Strafford 16,
33817,sldl,ocd-division/country:us/state:nh/sldl:strafford_17,State House District Strafford 17,
33901,sldl,ocd-division/country:us/state:nh/sldl:sullivan_1,State House District Sullivan 01,
33902,sldl,ocd-division/country:us/state:nh/sldl:sullivan_2,State House District Sullivan 02,
33903,sldl,ocd-division/country:us/state:nh/sldl:sullivan_3,State House District Sullivan 03,
33904,sldl,ocd-division/country:us/state:nh/sldl:sullivan_4,State House District Sullivan 04,
33905,sldl,ocd-division/country:us/state:nh/sldl:sullivan_5,State House District Sullivan 05,
33906,sldl,ocd-division/country:us/state:nh/sldl:sullivan_6,State House District Sullivan 06,
50A-1,sldl,ocd-division/country:us/state:vt/sldl:addison-1,Addison-1 State House District,
50A-2,sldl,ocd-division/country:us/state:vt/sldl:addison-2,Addison-2 State House District,
50A-3,sldl,ocd-division/country:us/state:vt/sldl:addison-3,Addison-3 State House District,
50A-4,sldl,ocd-division/country:us/state:vt/sldl:addison-4,Addison-4 State House District,
50A-5,sldl,ocd-division/country:us/state:vt/sldl:addison-5,Addison-5 State House District,
50A-R,sldl,ocd-division/country:us/state:vt/sldl:addison-rutland,Addison-Rutland State House District,
50ADD,sldu,ocd-division/country:us/state:vt/sldu:addison,Addison Senatorial District,
50B-1,sldl,ocd-division/country:us/state:vt/sldl:bennington-1,Bennington-1 State House District,
50B-2,sldl,ocd-division/country:us/state:vt/sldl:bennington-2,Bennington-2 State House District,
50B-3,sldl,ocd-division/country:us/state:vt/sldl:bennington-3,Bennington-3 State House District,
50B-4,sldl,ocd-division/country:us/state:vt/sldl:bennington-4,Bennington-4 State House District,
50B-5,sldl,ocd-division/country:us/state:vt/sldl:bennington-5,Bennington-5 State House District,
50B-R,sldl,ocd-division/country:us/state:vt/sldl:bennington-rutland,Bennington-Rutland State House District,
50BEN,sldu,ocd-division/country:us/state:vt/sldu:bennington,Bennington Senatorial District,
50C-1,sldl,ocd-division/country:us/state:vt/sldl:chittenden-1,Chittenden-1 State House District,
50C-2,sldl,ocd-division/country:us/state:vt/sldl:chittenden-2,Chittenden-2 State House District,
50C-3,sldl,ocd-division/country:us/state:vt/sldl:chittenden-3,Chittenden-3 State House District,
50C-4,sldl,ocd-division/country:us/state:vt/sldl:chittenden-4,Chittenden-4 State House District,
50C-5,sldl,ocd-division/country:us/state:vt/sldl:chittenden-5,Chittenden-5 State House District,
50C-6,sldl,ocd-division/country:us/state:vt/sldl:chittenden-6,Chittenden-6 State House District,
50C-7,sldl,ocd-division/country:us/state:vt/sldl:chittenden-7,Chittenden-7 State House District,
50C-8,sldl,ocd-division/country:us/state:vt/sldl:chittenden-8,Chittenden-8 State House District,
50C-9,sldl,ocd-division/country:us/state:vt/sldl:chittenden-9,Chittenden-9 State House District,
50C-F,sldl,ocd-division/country:us/state:vt/sldl:chittenden-franklin,Chittenden-Franklin State House District,
50C10,sldl,ocd-division/country:us/state:vt/sldl:chittenden-10,Chittenden-10 State House District,
50C11,sldl,ocd-division/country:us/state:vt/sldl:chittenden-11,Chittenden-11 State House District,
50C12,sldl,ocd-division/country:us/state:vt/sldl:chittenden-12,Chittenden-12 State House District,
50C13,sldl,ocd-division/country:us/state:vt/sldl:chittenden-13,Chittenden-13 State House District,
50C14,sldl,ocd-division/country:us/state:vt/sldl:chittenden-14,Chittenden-14 State House District,
50C15,sldl,ocd-division/country:us/state:vt/sldl:chittenden-15,Chittenden-15 State House District,
50C16,sldl,ocd-division/country:us/state:vt/sldl:chittenden-16,Chittenden-16 State House District,
50C17,sldl,ocd-division/country:us/state:vt/sldl:chittenden-17,Chittenden-17 State House District,
50C18,sldl,ocd-division/country:us/state:vt/sldl:chittenden-18,Chittenden-18 State House District,
50C19,sldl,ocd-division/country:us/state:vt/sldl:chittenden-19,Chittenden-19 State House District,
50C20,sldl,ocd-division/country:us/state:vt/sldl:chittenden-20,Chittenden-20 State House District,
50C21,sldl,ocd-division/country:us/state:vt/sldl:chittenden-21,Chittenden-21 State House District,
50C22,sldl,ocd-division/country:us/state:vt/sldl:chittenden-22,Chittenden-22 State House District,
50C23,sldl,ocd-division/country:us/state:vt/sldl:chittenden-23,Chittenden-23 State House District,
50C24,sldl,ocd-division/country:us/state:vt/sldl:chittenden-24,Chittenden-24 State House District,
50C25,sldl,ocd-division/country:us/state:vt/sldl:chittenden-25,Chittenden-25 State House District,
50CA1,sldl,ocd-division/country:us/state:vt/sldl:caledonia-1,Caledonia-1 State House District,
50CA2,sldl,ocd-division/country:us/state:vt/sldl:caledonia-2,Caledonia-2 State House District,
50CA3,sldl,ocd-division/country:us/state:vt/sldl:caledonia-3,Caledonia-3 State House District,
50CAE,sldl,ocd-division/country:us/state:vt/sldl:caledonia-essex,Caledonia-Essex State House District,
50CAL,sldu,ocd-division/country:us/state:vt/sldu:caledonia,Caledonia Senatorial District,
50CAW,sldl,ocd-division/country:us/state:vt/sldl:caledonia-washington,Caledonia-Washington State House District,
50CHC,sldu,ocd-division/country:us/state:vt/sldu:chittenden-central,Chittenden Central Senatorial District,
50CHN,sldu,ocd-division/country:us/state:vt/sldu:chittenden-north,Chittenden North Senatorial District,
50CHS,sldu,ocd-division/country:us/state:vt/sldu:chittenden-southeast,Chittenden South East Senatorial District,
50E-C,sldl,ocd-division/country:us/state:vt/sldl:essex-caledonia,Essex-Caledonia State House District,
50E-O,sldl,ocd-division/country:us/state:vt/sldl:essex-orleans,Essex-Orleans State House District,
50ESX,sldu,ocd-division/country:us/state:vt/sldu:essex,Essex Senatorial District,
50F-1,sldl,ocd-division/country:us/state:vt/sldl:franklin-1,Franklin-1 State House District,
50F-2,sldl,ocd-division/country:us/state:vt/sldl:franklin-2,Franklin-2 State House District,
50F-3,sldl,ocd-division/country:us/state:vt/sldl:franklin-3,Franklin-3 State House District,
50F-4,sldl,ocd-division/country:us/state:vt/sldl:franklin-4,Franklin-4 State House District,
50F-5,sldl,ocd-division/country:us/state:vt/sldl:franklin-5,Franklin-5 State House District,
50F-6,sldl,ocd-division/country:us/state:vt/sldl:franklin-6,Franklin-6 State House District,
50F-7,sldl,ocd-division/country:us/state:vt/sldl:franklin-7,Franklin-7 State House District,
50F-8,sldl,ocd-division/country:us/state:vt/sldl:franklin-8,Franklin-8 State House District,
50FRA,sldu,ocd-division/country:us/state:vt/sldu:franklin,Franklin Senatorial District,
50GIC,sldl,ocd-division/country:us/state:vt/sldl:grand_isle-chittenden,Grand Isle-Chittenden State House District,
50GRI,sldu,ocd-division/country:us/state:vt/sldu:grand_isle,Grand Isle Senatorial District,
50L-1,sldl,ocd-division/country:us/state:vt/sldl:lamoille-1,Lamoille-1 State House District,
50L-2,sldl,ocd-division/country:us/state:vt/sldl:lamoille-2,Lamoille-2 State House District,
50L-3,sldl,ocd-division/country:us/state:vt/sldl:lamoille-3,Lamoille-3 State House District,
50L-W,sldl,ocd-division/country:us/state:vt/sldl:lamoille-washington,Lamoille-Washington State House District,
50LAM,sldu,ocd-division/country:us/state:vt/sldu:lamoille,Lamoille Senatorial District,
50O-1,sldl,ocd-division/country:us/state:vt/sldl:orleans-1,Orleans-1 State House District,
50O-2,sldl,ocd-division/country:us/state:vt/sldl:orleans-2,Orleans-2 State House District,
50O-3,sldl,ocd-division/country:us/state:vt/sldl:orleans-3,Orleans-3 State House District,
50O-4,sldl,ocd-division/country:us/state:vt/sldl:orleans-4,Orleans-4 State House District,
50O-L,sldl,ocd-division/country:us/state:vt/sldl:orleans-lamoille,Orleans-Lamoille State House District,
50OR1,sldl,ocd-division/country:us/state:vt/sldl:orange-1,Orange-1 State House District,
50OR2,sldl,ocd-division/country:us/state:vt/sldl:orange-2,Orange-2 State House District,
50OR3,sldl,ocd-division/country:us/state:vt/sldl:orange-3,Orange-3 State House District,
50ORA,sldu,ocd-division/country:us/state:vt/sldu:orange,Orange Senatorial District,
50ORC,sldl,ocd-division/country:us/state:vt/sldl:orange-caledonia,Orange-Caledonia State House District,"OCD marks sldl:orange-caledonia ended 2023-01-03, but the 2024 Census file lists Orange-Caledonia and OpenStates holds a seat on that division"
50ORL,sldu,ocd-division/country:us/state:vt/sldu:orleans,Orleans Senatorial District,
50OWA,sldl,ocd-division/country:us/state:vt/sldl:orange-washington-addison,Orange-Washington-Addison State House District,
50R-1,sldl,ocd-division/country:us/state:vt/sldl:rutland-1,Rutland-1 State House District,
50R-2,sldl,ocd-division/country:us/state:vt/sldl:rutland-2,Rutland-2 State House District,
50R-3,sldl,ocd-division/country:us/state:vt/sldl:rutland-3,Rutland-3 State House District,
50R-4,sldl,ocd-division/country:us/state:vt/sldl:rutland-4,Rutland-4 State House District,
50R-5,sldl,ocd-division/country:us/state:vt/sldl:rutland-5,Rutland-5 State House District,
50R-6,sldl,ocd-division/country:us/state:vt/sldl:rutland-6,Rutland-6 State House District,
50R-7,sldl,ocd-division/country:us/state:vt/sldl:rutland-7,Rutland-7 State House District,
50R-8,sldl,ocd-division/country:us/state:vt/sldl:rutland-8,Rutland-8 State House District,
50R-9,sldl,ocd-division/country:us/state:vt/sldl:rutland-9,Rutland-9 State House District,
50R-B,sldl,ocd-division/country:us/state:vt/sldl:rutland-bennington,Rutland-Bennington State House District,
50R-W,sldl,ocd-division/country:us/state:vt/sldl:rutland-windsor,Rutland-Windsor State House District,
50R10,sldl,ocd-division/country:us/state:vt/sldl:rutland-10,Rutland-10 State House District,
50R11,sldl,ocd-division/country:us/state:vt/sldl:rutland-11,Rutland-11 State House District,
50RUT,sldu,ocd-division/country:us/state:vt/sldu:rutland,Rutland Senatorial District,
50W-1,sldl,ocd-division/country:us/state:vt/sldl:windham-1,Windham-1 State House District,
50W-2,sldl,ocd-division/country:us/state:vt/sldl:windham-2,Windham-2 State House District,
50W-3,sldl,ocd-division/country:us/state:vt/sldl:windham-3,Windham-3 State House District,
50W-4,sldl,ocd-division/country:us/state:vt/sldl:windham-4,Windham-4 State House District,
50W-5,sldl,ocd-division/country:us/state:vt/sldl:windham-5,Windham-5 State House District,
50W-6,sldl,ocd-division/country:us/state:vt/sldl:windham-6,Windham-6 State House District,
50W-7,sldl,ocd-division/country:us/state:vt/sldl:windham-7,Windham-7 State House District,
50W-8,sldl,ocd-division/country:us/state:vt/sldl:windham-8,Windham-8 State House District,
50W-9,sldl,ocd-division/country:us/state:vt/sldl:windham-9,Windham-9 State House District,
50WA1,sldl,ocd-division/country:us/state:vt/sldl:washington-1,Washington-1 State House District,
50WA2,sldl,ocd-division/country:us/state:vt/sldl:washington-2,Washington-2 State House District,
50WA3,sldl,ocd-division/country:us/state:vt/sldl:washington-3,Washington-3 State House District,
50WA4,sldl,ocd-division/country:us/state:vt/sldl:washington-4,Washington-4 State House District,
50WA5,sldl,ocd-division/country:us/state:vt/sldl:washington-5,Washington-5 State House District,
50WA6,sldl,ocd-division/country:us/state:vt/sldl:washington-6,Washington-6 State House District,
50WAC,sldl,ocd-division/country:us/state:vt/sldl:washington-chittenden,Washington-Chittenden State House District,
50WAO,sldl,ocd-division/country:us/state:vt/sldl:washington-orange,Washington-Orange State House District,
50WAS,sldu,ocd-division/country:us/state:vt/sldu:washington,Washington Senatorial District,
50WDH,sldu,ocd-division/country:us/state:vt/sldu:windham,Windham Senatorial District,
50WSR,sldu,ocd-division/country:us/state:vt/sldu:windsor,Windsor Senatorial District,
50WWB,sldl,ocd-division/country:us/state:vt/sldl:windham-bennington-windsor,Windham-Windsor-Bennington State House District,"OpenStates has no division sldl:windham-windsor-bennington; it holds the seat on sldl:windham-bennington-windsor with post label Windham-Windsor-Bennington, so members attach there. OCD marks that id ended 2023-01-03"
50Y-1,sldl,ocd-division/country:us/state:vt/sldl:windsor-1,Windsor-1 State House District,
50Y-2,sldl,ocd-division/country:us/state:vt/sldl:windsor-2,Windsor-2 State House District,
50Y-3,sldl,ocd-division/country:us/state:vt/sldl:windsor-3,Windsor-3 State House District,
50Y-4,sldl,ocd-division/country:us/state:vt/sldl:windsor-4,Windsor-4 State House District,
50Y-5,sldl,ocd-division/country:us/state:vt/sldl:windsor-5,Windsor-5 State House District,
50Y-6,sldl,ocd-division/country:us/state:vt/sldl:windsor-6,Windsor-6 State House District,
50Y-A,sldl,ocd-division/country:us/state:vt/sldl:windsor-addison,Windsor-Addison State House District,
50Y-W,sldl,ocd-division/country:us/state:vt/sldl:windsor-windham,Windsor-Windham State House District,
50YO1,sldl,ocd-division/country:us/state:vt/sldl:windsor-orange-1,Windsor-Orange-1 State House District,
50YO2,sldl,ocd-division/country:us/state:vt/sldl:windsor-orange-2,Windsor-Orange-2 State House District,
72001,sldl,ocd-division/country:us/territory:pr/sldl:1,State House District 1,
72001,sldu,ocd-division/country:us/territory:pr/sldu:1,State Senate District 1,
72002,sldl,ocd-division/country:us/territory:pr/sldl:2,State House District 2,
72002,sldu,ocd-division/country:us/territory:pr/sldu:2,State Senate District 2,
72003,sldl,ocd-division/country:us/territory:pr/sldl:3,State House District 3,
72003,sldu,ocd-division/country:us/territory:pr/sldu:3,State Senate District 3,
72004,sldl,ocd-division/country:us/territory:pr/sldl:4,State House District 4,
72004,sldu,ocd-division/country:us/territory:pr/sldu:4,State Senate District 4,
72005,sldl,ocd-division/country:us/territory:pr/sldl:5,State House District 5,
72005,sldu,ocd-division/country:us/territory:pr/sldu:5,State Senate District 5,
72006,sldl,ocd-division/country:us/territory:pr/sldl:6,State House District 6,
72006,sldu,ocd-division/country:us/territory:pr/sldu:6,State Senate District 6,
72007,sldl,ocd-division/country:us/territory:pr/sldl:7,State House District 7,
72007,sldu,ocd-division/country:us/territory:pr/sldu:7,State Senate District 7,
72008,sldl,ocd-division/country:us/territory:pr/sldl:8,State House District 8,
72008,sldu,ocd-division/country:us/territory:pr/sldu:8,State Senate District 8,
72009,sldl,ocd-division/country:us/territory:pr/sldl:9,State House District 9,
72010,sldl,ocd-division/country:us/territory:pr/sldl:10,State House District 10,
72011,sldl,ocd-division/country:us/territory:pr/sldl:11,State House District 11,
72012,sldl,ocd-division/country:us/territory:pr/sldl:12,State House District 12,
72013,sldl,ocd-division/country:us/territory:pr/sldl:13,State House District 13,
72014,sldl,ocd-division/country:us/territory:pr/sldl:14,State House District 14,
72015,sldl,ocd-division/country:us/territory:pr/sldl:15,State House District 15,
72016,sldl,ocd-division/country:us/territory:pr/sldl:16,State House District 16,
72017,sldl,ocd-division/country:us/territory:pr/sldl:17,State House District 17,
72018,sldl,ocd-division/country:us/territory:pr/sldl:18,State House District 18,
72019,sldl,ocd-division/country:us/territory:pr/sldl:19,State House District 19,
72020,sldl,ocd-division/country:us/territory:pr/sldl:20,State House District 20,
72021,sldl,ocd-division/country:us/territory:pr/sldl:21,State House District 21,
72022,sldl,ocd-division/country:us/territory:pr/sldl:22,State House District 22,
72023,sldl,ocd-division/country:us/territory:pr/sldl:23,State House District 23,
72024,sldl,ocd-division/country:us/territory:pr/sldl:24,State House District 24,
72025,sldl,ocd-division/country:us/territory:pr/sldl:25,State House District 25,
72026,sldl,ocd-division/country:us/territory:pr/sldl:26,State House District 26,
72027,sldl,ocd-division/country:us/territory:pr/sldl:27,State House District 27,
72028,sldl,ocd-division/country:us/territory:pr/sldl:28,State House District 28,
72029,sldl,ocd-division/country:us/territory:pr/sldl:29,State House District 29,
72030,sldl,ocd-division/country:us/territory:pr/sldl:30,State House District 30,
72031,sldl,ocd-division/country:us/territory:pr/sldl:31,State House District 31,
72032,sldl,ocd-division/country:us/territory:pr/sldl:32,State House District 32,
72033,sldl,ocd-division/country:us/territory:pr/sldl:33,State House District 33,
72034,sldl,ocd-division/country:us/territory:pr/sldl:34,State House District 34,
72035,sldl,ocd-division/country:us/territory:pr/sldl:35,State House District 35,
72036,sldl,ocd-division/country:us/territory:pr/sldl:36,State House District 36,
72037,sldl,ocd-division/country:us/territory:pr/sldl:37,State House District 37,
72038,sldl,ocd-division/country:us/territory:pr/sldl:38,State House District 38,
72039,sldl,ocd-division/country:us/territory:pr/sldl:39,State House District 39,
72040,sldl,ocd-division/country:us/territory:pr/sldl:40,State House District 40,
